<?xml version="1.0" encoding="utf-8"?>
<feed xmlns="http://www.w3.org/2005/Atom">
  <title>mypの小窝</title>
  
  <subtitle>上帝保佑emoji正常显示</subtitle>
  <link href="https://myp0402.github.io/atom.xml" rel="self"/>
  
  <link href="https://myp0402.github.io/"/>
  <updated>2022-12-01T06:55:45.604Z</updated>
  <id>https://myp0402.github.io/</id>
  
  <author>
    <name>Ma Yuanpeng</name>
    
  </author>
  
  <generator uri="https://hexo.io/">Hexo</generator>
  
  <entry>
    <title>初中生活有感</title>
    <link href="https://myp0402.github.io/2022/12/01/FeelingsAboutJH/"/>
    <id>https://myp0402.github.io/2022/12/01/FeelingsAboutJH/</id>
    <published>2022-12-01T02:17:33.000Z</published>
    <updated>2022-12-01T06:55:45.604Z</updated>
    
    <content type="html"><![CDATA[<link rel="stylesheet" type="text/css" href="https://cdn.jsdelivr.net/hint.css/2.4.1/hint.min.css"><blockquote><p>我用了一个很大的标题 不过你要是看了tag的话 也就知道：我就随便写写</p></blockquote><p>Music：</p><iframe frameborder="no" border="0" marginwidth="0" marginheight="0" width=330 height=86 src="//music.163.com/outchain/player?type=2&id=1368450369&auto=0&height=66"></iframe><h2 id="1"><a href="#1" class="headerlink" title="1."></a>1.</h2><p>三年 也就快过去了 中考一结束 一群人也就要分道扬镳了 我可能会留在东直门 抑或是拍屁股走人 呆在东直门也没啥不好——我是这么想的</p><p>事与愿违 我深知咱父母肯定不这么想 也就懒得管这件事了 这种事谈多了也没用 除了破坏关系 自己真正想干的事 等之后再说吧</p><p>其实上面那段我写的也挺无奈的 终究没遇到开明的家长——看起来很开明 实则就那样 之前被孙家彧羡慕了半天 可能确实比她家长好吧 但也不过如此</p><p>第一次意识到这件事 大致是在参加生物竞赛的时候 熟悉我的人也知道 我挺喜欢生物的 自然也愿意接受更加深入地学习 郑超星来14班给我们讲生物竞赛的时候 我挺高兴的 不过一回到家就是父母的当头一棒 我力争了很久 可惜没用一分一毫的改观 经历了这件事 我就知道 思想陈旧父母终究会束缚住你 变为累赘 追求自由任重而道远 甚至可以说是遥遥无期</p><p><span style="background-color: #000000; color=#000000;">看到这 某些人可能又会搬出父母对你好的观点 这种人 你尽早去死吧</span></p><p>我的想法可能确实不太长远 父母反驳的核心观点是：我将来也不一定留在东直门 这样影响中考复习</p><p>确实 来到14班的肯定也各怀鬼胎 至少肯定有人是这样 但我并不想 我家长想 呵呵</p><p>这一切的原因有很多 比如李清的推动 照她的想法 肯定不会留东直门的啊 父母再稍微过度理解一下 我的生物就泡汤了</p><p>我也没法找个人问：喂！你肚里怀没怀鬼胎？你要不要留东直门？你是不是要做利己主义者？</p><p>经历了这件事之后 我也就开始改变依靠父母的想法了 目前啥也不干只是因为自己也改变不了什么 脱离了父母之后 大概就会有些眉目了吧</p><p>可惜啊 唉</p><h2 id="2"><a href="#2" class="headerlink" title="2."></a>2.</h2><p>不管会在14班呆多久 这些日子还是挺欢乐的 开学遇见的诸多新的老师也都很友好 也参加了很多活动 不论这些活动我喜不喜欢 至少一个集体在一起 真的真的挺高兴的 如哲思课 以及英才的诸多活动</p><p>去递归创新院的那次 一群人在一块讨论 进行碰撞的场景 都是难以忘怀的 我想那时候 大概没人会想着水深火热的竞争、内卷了吧</p><p>我所渴望的生活 就跟开篇的歌一样 平静、淡雅就很好 我并不喜欢过于激烈的感觉 </p><p>跟个人的性格也有关系吧 这也是为什么我不愿意折腾来折腾去 而是想签约了就顺着往下走吧</p><p>总之 希望我能获得平静的生活吧</p><h2 id="3"><a href="#3" class="headerlink" title="3."></a>3.</h2><p>初一初二我都是在8班的 回忆一下还是有不少事的 我就慢慢写吧</p><h3 id="1-1"><a href="#1-1" class="headerlink" title="-1-"></a>-1-</h3><p>初一的我还是懵懵懂懂的 刚从小学到初中 啥也不知道 不过呢 我一开始还是夹着尾巴做人的 因此也没有被怎么批评 {董老师名字}还给了我极高的评价</p><p>分班之后 {}是B班老师 我去了A班 一开始上刘钰觉得十分新颖 比如她推崇的思维导图(mind map) 不过之后也就知道纯属是她的异想天开罢了 她的课也就变成了写作业课 但又要应付考试 初一初二的英语便只靠考前的突击 以至于现在英语的暗病</p><h3 id="2-1"><a href="#2-1" class="headerlink" title="-2-"></a>-2-</h3><p>初一的第一次月考 我考了班级第八名 其实这次也只是因为大家都不太清楚考试 而我瞎复习了一下 大体是吧</p><p>总之 这次考试还是给了我极大的信心 不过我这个人有了信心就开始飘 所以我初一的成绩就像 $f(x)&#x3D;3 \cos(4 x)$ 一样 哈哈…</p><p><a href="https://postimg.cc/YjgTzkLM"><img src="https://i.postimg.cc/VsH11kYr/image.png" alt="image.png" loading="lazy"></a></p>]]></content>
    
    
      
      
    <summary type="html">&lt;link rel=&quot;stylesheet&quot; type=&quot;text/css&quot; href=&quot;https://cdn.jsdelivr.net/hint.css/2.4.1/hint.min.css&quot;&gt;&lt;blockquote&gt;
&lt;p&gt;我用了一个很大的标题 不过你要是看了tag的话 也</summary>
      
    
    
    
    
    <category term="胡言乱语" scheme="https://myp0402.github.io/tags/%E8%83%A1%E8%A8%80%E4%B9%B1%E8%AF%AD/"/>
    
  </entry>
  
  <entry>
    <title>记一次曲折的qemu安装历程</title>
    <link href="https://myp0402.github.io/2022/06/15/InstallQemuOnM1/"/>
    <id>https://myp0402.github.io/2022/06/15/InstallQemuOnM1/</id>
    <published>2022-06-15T06:33:31.000Z</published>
    <updated>2022-06-15T06:42:33.166Z</updated>
    
    <content type="html"><![CDATA[<link rel="stylesheet" type="text/css" href="https://cdn.jsdelivr.net/hint.css/2.4.1/hint.min.css"><h1 id="记一次曲折的qemu安装历程"><a href="#记一次曲折的qemu安装历程" class="headerlink" title="记一次曲折的qemu安装历程"></a>记一次曲折的qemu安装历程</h1><p>之前一直用Parallels Desktop安装的Ubuntu，但是作为一个arch党，这很难受，但是在百度上搜到的结果嘛…</p><p><img src="https://raw.githubusercontent.com/myp0402/BlogComment/main/imagesimage-20220615143848598.png" alt="image-20220615143848598" loading="lazy"></p><p><del>（当场去世）</del></p><p>第一个结果我看了一下，竟然要自己先准备一个Linux，然后借助那个Linux去在虚拟硬盘上安装ArchLinuxARM，导出成虚拟硬盘文件，再扔到mac上用qemu启动，这个流程，主要是因为arch的arm版并没有iso镜像，所以只能这么装</p>]]></content>
    
    
      
      
    <summary type="html">&lt;link rel=&quot;stylesheet&quot; type=&quot;text/css&quot; href=&quot;https://cdn.jsdelivr.net/hint.css/2.4.1/hint.min.css&quot;&gt;&lt;h1 id=&quot;记一次曲折的qemu安装历程&quot;&gt;&lt;a href=&quot;#记一次曲折的q</summary>
      
    
    
    
    
    <category term="Github" scheme="https://myp0402.github.io/tags/Github/"/>
    
    <category term="教程" scheme="https://myp0402.github.io/tags/%E6%95%99%E7%A8%8B/"/>
    
    <category term="archlinux" scheme="https://myp0402.github.io/tags/archlinux/"/>
    
  </entry>
  
  <entry>
    <title>浅谈IRC历史和使用</title>
    <link href="https://myp0402.github.io/2022/06/07/%E6%B5%85%E8%B0%88IRC/"/>
    <id>https://myp0402.github.io/2022/06/07/%E6%B5%85%E8%B0%88IRC/</id>
    <published>2022-06-07T07:15:04.000Z</published>
    <updated>2022-06-10T02:24:22.000Z</updated>
    
    <content type="html"><![CDATA[<link rel="stylesheet" type="text/css" href="https://cdn.jsdelivr.net/hint.css/2.4.1/hint.min.css"><h1 id="浅谈IRC历史和使用"><a href="#浅谈IRC历史和使用" class="headerlink" title="浅谈IRC历史和使用"></a>浅谈IRC历史和使用</h1><p>*特别声明：本文章使用CC BY-SA 3.0条款，请勿参考其他文章的CC BY-NC-SA 4.0条款！</p><blockquote><p>题记：目前像微信、QQ等等聊天软件充斥着互联网聊天环境，是否还有一股聊天的清流？</p></blockquote><h2 id="关于IRC"><a href="#关于IRC" class="headerlink" title="关于IRC"></a>关于IRC</h2><p>IRC全称为Internet Relay Chat，互联网中继聊天</p><p>IRC（Internet Relay Chat）是一种应用层的协议。其主要用于群体聊天，但同样也可以用于个人对个人的聊天。IRC使用的服务器端口有6667（明文传输，如irc:&#x2F;&#x2F;irc.libera.chat）、6697（SSL加密传输，如ircs:&#x2F;&#x2F;irc.libera.chat:6697）等。<sup id="fnref:1"><a href="#fn:1" rel="footnote"><span class="hint--top hint--error hint--medium hint--rounded hint--bounce" aria-label="摘自维基百科">[1]</span></a></sup></p><p>可能对于目前而言，IRC这种方式的聊天可能让人觉得非常落后，而且十分不便，的确如此，但IRC诞生于1988年<del>（我还没出生）</del>，也就是文字互联网时代，这样看的话，似乎也还可以接受，对吧</p><p>目前的IRC服务器并不多了，主要有以下几个：</p><ul><li>Libera Chat</li><li>OFTC</li><li>IRCnet</li><li>Undernet</li><li>Rizon</li><li>DFnet</li><li>Freenode</li><li>QuakeNet</li><li>DALnet</li></ul><p>目前最为活跃的是Libera Chat，之前是Freenode，但Freenode被一位名为<a href="https://zh.wikipedia.org/wiki/%E5%AE%89%E5%BE%B7%E9%AD%AF%C2%B7%E6%9D%8E">安德鲁·李</a>的韩裔美国企业家使用模糊的法律程序“夺走”（甚至Frenode在网站上宣布成为’朝鲜帝国‘的数字领土），从而导致大部工作者集体辞职以及不当管理（无故封禁聊天频道），大多聊天频道迁移至<a href="https://libera.chat/">LiberaChat</a>（由离职员工创建的开源聊天服务器）</p><h2 id="IRC使用"><a href="#IRC使用" class="headerlink" title="IRC使用"></a>IRC使用</h2><p>说了一堆<del>没用的</del>介绍，接下来就来说说具体的使用</p><h3 id="IRC客户端"><a href="#IRC客户端" class="headerlink" title="IRC客户端"></a>IRC客户端</h3><p>想要连接IRC服务器需要客户端，IRC客户端非常多，而且支持大多平台，下面介绍几种常用的</p><h4 id="GUI客户端"><a href="#GUI客户端" class="headerlink" title="GUI客户端"></a>GUI客户端</h4><h5 id="mIRC"><a href="#mIRC" class="headerlink" title="mIRC"></a><a href="https://www.mirc.com/">mIRC</a></h5><p>Windows下最受欢迎的IRC客户端，历史悠久，闭源，收费</p><h5 id="Hexchat"><a href="#Hexchat" class="headerlink" title="Hexchat"></a><a href="https://hexchat.github.io/">Hexchat</a></h5><p>兼容Windows和Linux，免费，开源</p><h5 id="LimeChat"><a href="#LimeChat" class="headerlink" title="LimeChat"></a><a href="http://limechat.net/mac/">LimeChat</a></h5><p>仅支持MacOS和IOS，不过使用体验很好，个人推荐，免费开源</p><h5 id="Konversation"><a href="#Konversation" class="headerlink" title="Konversation"></a><a href="https://konversation.kde.org/">Konversation</a></h5><p>支持Windows和Linux，是KDE制作的IRC客户端，包含在KDE桌面的附加软件包组里</p><h5 id="Adium"><a href="#Adium" class="headerlink" title="Adium"></a><a href="https://www.adium.im/">Adium</a></h5><p>仅支持MacOS，开源免费</p><h5 id="Textual"><a href="#Textual" class="headerlink" title="Textual"></a><a href="https://www.codeux.com/textual/">Textual</a></h5><p>仅支持MacOS，收费</p><h5 id="Palaver"><a href="#Palaver" class="headerlink" title="Palaver"></a><a href="https://apps.apple.com/us/app/palaver/id538073623">Palaver</a></h5><p>IOS下的收费IRC客户端</p><h5 id="RevolutionIRC（Google-Play、Fdroid）"><a href="#RevolutionIRC（Google-Play、Fdroid）" class="headerlink" title="RevolutionIRC（Google Play、Fdroid）"></a>RevolutionIRC（<a href="https://play.google.com/store/apps/details?id=io.mrarm.irc">Google Play</a>、<a href="https://f-droid.org/packages/io.mrarm.irc/">Fdroid</a>）</h5><p>Android下的免费IRC客户端，开源免费</p><p>顺带一提，RevolutionIRC作者<a href="https://mrarm.io/">MrARM</a>同时是Toolbox的作者，没错，Minecraft的那个Toolbox</p><h4 id="终端客户端"><a href="#终端客户端" class="headerlink" title="终端客户端"></a>终端客户端</h4><h5 id="Weechat"><a href="#Weechat" class="headerlink" title="Weechat"></a><a href="https://weechat.org/">Weechat</a></h5><p>不是WeChat，人家比微信早了好久，03年就有了，微信那时候还没有嘞</p><p>开源、免费，在好多软件源都有，brew也是有的（MacOS用户狂喜）</p><h5 id="Irssi"><a href="#Irssi" class="headerlink" title="Irssi"></a><a href="https://irssi.org/">Irssi</a></h5><p>一个支持特别宽泛的终端客户端，（Linux, BSD, Solaris, Haiku, Apple, Cygwin），连Solaris都支持是什么鬼</p><h4 id="在线客户端"><a href="#在线客户端" class="headerlink" title="在线客户端"></a>在线客户端</h4><h5 id="KiwiIRC"><a href="#KiwiIRC" class="headerlink" title="KiwiIRC"></a><a href="https://web.libera.chat/">KiwiIRC</a></h5><p>LiberaChat上有，界面现代，体验良好</p><h5 id="gamja"><a href="#gamja" class="headerlink" title="gamja"></a><a href="https://web.libera.chat/gamja">gamja</a></h5><p>LiberaChat上也有</p><h3 id="客户端的使用"><a href="#客户端的使用" class="headerlink" title="客户端的使用"></a>客户端的使用</h3><p>不可能事无巨细的说，话说用IRC的人应该都不用教吧，小白建议直接用在线客户端，简单好使</p><h4 id="LimeChat-1"><a href="#LimeChat-1" class="headerlink" title="LimeChat"></a>LimeChat</h4><p>安装不讲了，打开之后长这样</p><p><img src="https://raw.githubusercontent.com/myp0402/BlogComment/main/imagesimage-20220609145252209.png" alt="image-20220609145252209" loading="lazy"></p><p>输入昵称（Nickname），填入IRC服务器，Channels可以提前加上</p><p>比如这样：</p><p><img src="https://raw.githubusercontent.com/myp0402/BlogComment/main/imagesimage-20220609150851883.png" alt="image-20220609150851883" loading="lazy"></p><p><del>我好像暴露了真名</del>，算了不管了</p><p>然后，点OK直接就可以登进去了，没有密码，简单吧</p><p><img src="https://raw.githubusercontent.com/myp0402/BlogComment/main/imagesimage-20220609151133924.png" alt="image-20220609151133924" loading="lazy"></p><p>不过呢，简单也是会有问题的，比如你叫A，随后别人随便拿A这个名字登陆冒充你，这是不太美好的，因此我们可以为昵称设置密码，这样别人也就无法冒充你了</p><p><img src="https://raw.githubusercontent.com/myp0402/BlogComment/main/imagesimage-20220610085055546.png" alt="image-20220610085055546" loading="lazy"></p><p>点击你的IRC服务器，在输入框内输入<code>/nick YourNickName</code>，注册昵称</p><p><img src="https://raw.githubusercontent.com/myp0402/BlogComment/main/imagesimage-20220610091033528.png" alt="image-20220610091033528" loading="lazy"></p><p>随后再输入<code>/msg NickServ REGISTER YourPassword email@example.com</code>，设置密码和邮箱，随后会有一封验证邮件发送至邮箱中，大概长这样：</p><blockquote><pre><code>YourNickName,In order to complete your account registration, you must type the followingcommand on IRC:/msg NickServ VERIFY REGISTER YourNickName VERIFY_CODEThank you for registering your account on the Libera.Chat IRC network!--This e-mail was sent due to a command from YourNickName[WHOIS]at Mon, 23 May 2022 05:48:36 +0000.  If this message is unsolicited, please contact support@libera.chatwith a full copy.</code></pre></blockquote><p>随后输入邮件中提示的命令，通过验证码即可验证账户，否则会在24小时之内删除，之后，你就占用了这个昵称，别人无法使用</p><p>以后再登录的时候，要验证密码，使用命令：<code>/msg NickServ IDENTIFY YourNickName &lt;password&gt;</code>即可</p><h4 id="Adium-1"><a href="#Adium-1" class="headerlink" title="Adium"></a>Adium</h4><p>这个IRC客户端我同样用过，只不过会有一些问题，就是聊天无法滚动，你要自己向下托，很烦</p><p><img src="https://raw.githubusercontent.com/myp0402/BlogComment/main/imagesimage-20220610092659395.png" alt="image-20220610092659395" loading="lazy"></p><p>界面就长这样，有点类似于早年的QQ界面，具体使用不讲了，都差不多</p><h2 id="结语"><a href="#结语" class="headerlink" title="结语"></a>结语</h2><p>不难发现，IRC客户端的历史基本都十分悠久<del>（低情商：UI太丑）</del>，不过呢，也一直存在到了现在，也是有理由的</p><p>并且，现在的一些聊天频道也是在电报同步消息的，所以大可不必担心不会使用</p><p>部分内容参考维基百科：</p><p><a href="https://zh.wikipedia.org/wiki/IRC">https://zh.wikipedia.org/wiki/IRC</a></p><p><a href="https://zh.wikipedia.org/wiki/Freenode">https://zh.wikipedia.org/wiki/Freenode</a></p><p><a href="https://zh.wikipedia.org/wiki/%E5%AE%89%E5%BE%B7%E9%AD%AF%C2%B7%E6%9D%8E">https://zh.wikipedia.org/wiki/安德魯·李/</a></p><div id="footnotes"><hr><div id="footnotelist"><ol style="list-style: none; padding-left: 0; margin-left: 40px"><li id="fn:1"><span style="display: inline-block; vertical-align: top; padding-right: 10px; margin-left: -40px">1.</span><span style="display: inline-block; vertical-align: top; margin-left: 10px;">摘自维基百科<a href="#fnref:1" rev="footnote"> ↩</a></span></li></ol></div></div>]]></content>
    
    
      
      
    <summary type="html">&lt;link rel=&quot;stylesheet&quot; type=&quot;text/css&quot; href=&quot;https://cdn.jsdelivr.net/hint.css/2.4.1/hint.min.css&quot;&gt;&lt;h1 id=&quot;浅谈IRC历史和使用&quot;&gt;&lt;a href=&quot;#浅谈IRC历史和使用&quot;</summary>
      
    
    
    
    
    <category term="IRC" scheme="https://myp0402.github.io/tags/IRC/"/>
    
    <category term="聊天" scheme="https://myp0402.github.io/tags/%E8%81%8A%E5%A4%A9/"/>
    
    <category term="教程" scheme="https://myp0402.github.io/tags/%E6%95%99%E7%A8%8B/"/>
    
  </entry>
  
  <entry>
    <title>如果博客异常，请阅读我</title>
    <link href="https://myp0402.github.io/2022/06/02/%E5%A6%82%E6%9E%9C%E5%8D%9A%E5%AE%A2%E5%BC%82%E5%B8%B8%EF%BC%8C%E8%AF%B7%E9%98%85%E8%AF%BB%E6%88%91/"/>
    <id>https://myp0402.github.io/2022/06/02/%E5%A6%82%E6%9E%9C%E5%8D%9A%E5%AE%A2%E5%BC%82%E5%B8%B8%EF%BC%8C%E8%AF%B7%E9%98%85%E8%AF%BB%E6%88%91/</id>
    <published>2022-06-02T10:25:42.000Z</published>
    <updated>2022-06-02T10:44:10.000Z</updated>
    
    <content type="html"><![CDATA[<link rel="stylesheet" type="text/css" href="https://cdn.jsdelivr.net/hint.css/2.4.1/hint.min.css"><h2 id="Q-amp-A"><a href="#Q-amp-A" class="headerlink" title="Q&amp;A"></a>Q&amp;A</h2><h3 id="Q1-博客的背景为什么是白的？"><a href="#Q1-博客的背景为什么是白的？" class="headerlink" title="Q1: 博客的背景为什么是白的？"></a>Q1: 博客的背景为什么是白的？</h3><p>A1: 本博客图片由github托管，而直链地址raw.githubusercontent.com被墙了，所以你加载不出来</p><h3 id="Q2-评论怎么使用？"><a href="#Q2-评论怎么使用？" class="headerlink" title="Q2: 评论怎么使用？"></a>Q2: 评论怎么使用？</h3><p>A2: 本博客使用utteranc作为评论系统，评论在文章的最下方，点击“Sign in with Github”，随后按流程登陆GitHub即可评论</p><h3 id="Q3-点完“Sign-in-with-Github”为什么无法访问？"><a href="#Q3-点完“Sign-in-with-Github”为什么无法访问？" class="headerlink" title="Q3: 点完“Sign in with Github”为什么无法访问？"></a>Q3: 点完“Sign in with Github”为什么无法访问？</h3><p>A3: 部分地区的Github会不定时无法访问，撞大运吧</p><h3 id="Q4-有没有彻底解决Q1和Q3的方法？"><a href="#Q4-有没有彻底解决Q1和Q3的方法？" class="headerlink" title="Q4: 有没有彻底解决Q1和Q3的方法？"></a>Q4: 有没有彻底解决Q1和Q3的方法？</h3><p>A4: 我不能教你，自己动手丰衣足食</p><h3 id="Q5-我还有问题怎么办"><a href="#Q5-我还有问题怎么办" class="headerlink" title="Q5: 我还有问题怎么办"></a>Q5: 我还有问题怎么办</h3><p>A5: 在本篇文章底下评论吧，再见👋</p><h3 id="Q6-别走啊，我登录不了GitHub咋评论啊啊啊"><a href="#Q6-别走啊，我登录不了GitHub咋评论啊啊啊" class="headerlink" title="Q6: 别走啊，我登录不了GitHub咋评论啊啊啊"></a>Q6: 别走啊，我登录不了GitHub咋评论啊啊啊</h3><p>A6: 给我发邮件吧，侧边栏的邮件图标直接点</p>]]></content>
    
    
      
      
    <summary type="html">&lt;link rel=&quot;stylesheet&quot; type=&quot;text/css&quot; href=&quot;https://cdn.jsdelivr.net/hint.css/2.4.1/hint.min.css&quot;&gt;&lt;h2 id=&quot;Q-amp-A&quot;&gt;&lt;a href=&quot;#Q-amp-A&quot; class</summary>
      
    
    
    
    
    <category term="Github" scheme="https://myp0402.github.io/tags/Github/"/>
    
    <category term="博客" scheme="https://myp0402.github.io/tags/%E5%8D%9A%E5%AE%A2/"/>
    
    <category term="GFW" scheme="https://myp0402.github.io/tags/GFW/"/>
    
  </entry>
  
  <entry>
    <title>Hello World</title>
    <link href="https://myp0402.github.io/2022/05/31/hello-world/"/>
    <id>https://myp0402.github.io/2022/05/31/hello-world/</id>
    <published>2022-05-31T02:19:54.000Z</published>
    <updated>2022-05-31T02:19:54.000Z</updated>
    
    <content type="html"><![CDATA[<link rel="stylesheet" type="text/css" href="https://cdn.jsdelivr.net/hint.css/2.4.1/hint.min.css"><p>Welcome to <a href="https://hexo.io/">Hexo</a>! This is your very first post. Check <a href="https://hexo.io/docs/">documentation</a> for more info. If you get any problems when using Hexo, you can find the answer in <a href="https://hexo.io/docs/troubleshooting.html">troubleshooting</a> or you can ask me on <a href="https://github.com/hexojs/hexo/issues">GitHub</a>.</p><h2 id="Quick-Start"><a href="#Quick-Start" class="headerlink" title="Quick Start"></a>Quick Start</h2><h3 id="Create-a-new-post"><a href="#Create-a-new-post" class="headerlink" title="Create a new post"></a>Create a new post</h3><pre><code class="bash">$ hexo new &quot;My New Post&quot;</code></pre><p>More info: <a href="https://hexo.io/docs/writing.html">Writing</a></p><h3 id="Run-server"><a href="#Run-server" class="headerlink" title="Run server"></a>Run server</h3><pre><code class="bash">$ hexo server</code></pre><p>More info: <a href="https://hexo.io/docs/server.html">Server</a></p><h3 id="Generate-static-files"><a href="#Generate-static-files" class="headerlink" title="Generate static files"></a>Generate static files</h3><pre><code class="bash">$ hexo generate</code></pre><p>More info: <a href="https://hexo.io/docs/generating.html">Generating</a></p><h3 id="Deploy-to-remote-sites"><a href="#Deploy-to-remote-sites" class="headerlink" title="Deploy to remote sites"></a>Deploy to remote sites</h3><pre><code class="bash">$ hexo deploy</code></pre><p>More info: <a href="https://hexo.io/docs/one-command-deployment.html">Deployment</a></p>]]></content>
    
    
      
      
    <summary type="html">&lt;link rel=&quot;stylesheet&quot; type=&quot;text/css&quot; href=&quot;https://cdn.jsdelivr.net/hint.css/2.4.1/hint.min.css&quot;&gt;&lt;p&gt;Welcome to &lt;a href=&quot;https://hexo.io/&quot;&gt;</summary>
      
    
    
    
    
  </entry>
  
  <entry>
    <title>markdown语法（转载自AceMark）</title>
    <link href="https://myp0402.github.io/2020/12/04/%E4%BD%BF%E7%94%A8%E6%95%99%E7%A8%8B/"/>
    <id>https://myp0402.github.io/2020/12/04/%E4%BD%BF%E7%94%A8%E6%95%99%E7%A8%8B/</id>
    <published>2020-12-04T01:29:11.000Z</published>
    <updated>2022-12-01T06:43:57.374Z</updated>
    
    <content type="html"><![CDATA[<link rel="stylesheet" type="text/css" href="https://cdn.jsdelivr.net/hint.css/2.4.1/hint.min.css"><h1 id="欢迎使用AceMark"><a href="#欢迎使用AceMark" class="headerlink" title="欢迎使用AceMark"></a>欢迎使用AceMark</h1><p>AceMark 致力于打造一款易用、专业的 Markdown 创作工具。</p><h2 id="什么是-Markdown"><a href="#什么是-Markdown" class="headerlink" title="什么是 Markdown?"></a>什么是 Markdown?</h2><p>Markdown 是一种轻量级的标记语言。它允许人们使用易读易写的纯文本格式编写文档，并支持图片、图表、数学公式等，然后转换成有效的 HTML 文档。AceMark 采用 <a href="https://github.github.com/gfm/">GitHub Flavored Markdown</a> 语法（简称 GFM），并支持一些扩展语法。下面我们来熟悉下 AceMark 的常用标记说明。 </p><p>为了方便导航，我们在这里插入目录：</p><p>[toc]</p><h2 id="标题"><a href="#标题" class="headerlink" title="标题"></a>标题</h2><p>AceMark 最高支持六级标题，一级标题在行首使用一个<code>#</code>，二级标题使用两个<code>##</code>，以此类推。如下：</p><pre><code># 一级标题## 二级标题### 三级标题#### 四级标题##### 五级标题###### 六级标题</code></pre><h2 id="样式"><a href="#样式" class="headerlink" title="样式"></a>样式</h2><ul><li><code>**粗体**</code>用于表示<strong>粗体</strong></li><li><code>*斜体*</code>用于表示<em>斜体</em></li><li><code>~~删除线~~</code>用于表示<del>删除线</del></li></ul><h2 id="脚注"><a href="#脚注" class="headerlink" title="脚注"></a>脚注</h2><p>我们可以在这里插入一个脚注 <sup id="fnref:1"><a href="#fn:1" rel="footnote"><span class="hint--top hint--error hint--medium hint--rounded hint--bounce" aria-label="这是脚注内容。">[1]</span></a></sup>。</p><h2 id="引用"><a href="#引用" class="headerlink" title="引用"></a>引用</h2><pre><code>&gt; 这是一个引用</code></pre><p>效果：</p><blockquote><p>这是一个引用</p></blockquote><h2 id="链接"><a href="#链接" class="headerlink" title="链接"></a>链接</h2><pre><code>[链接标题](http://www.acemark.net)</code></pre><p>输出：<a href="http://www.acemark.net/">链接标题</a></p><p>如果想要显示一张网络图片，方式和普通链接类似，但需要在前面加一个<code>!</code>符号。</p><pre><code>![图片标题](http://www.acemark.net/img/icon.jpg)</code></pre><p><img src="http://www.acemark.net/img/icon.jpg" alt="图片标题" loading="lazy"></p><h2 id="表格"><a href="#表格" class="headerlink" title="表格"></a>表格</h2><p>通过下面的标记，就可以输出一份表格</p><pre><code>| 标题1 | 标题2 | 标题3 ||------|-------|------|| 内容1 | 内容2 | 内容3 || 内容4 | 内容5 | 内容6 |</code></pre><p>输出表格：</p><table><thead><tr><th>标题1</th><th>标题2</th><th>标题3</th></tr></thead><tbody><tr><td>内容1</td><td>内容2</td><td>内容3</td></tr><tr><td>内容4</td><td>内容5</td><td>内容6</td></tr></tbody></table><h2 id="列表"><a href="#列表" class="headerlink" title="列表"></a>列表</h2><h3 id="有序列表"><a href="#有序列表" class="headerlink" title="有序列表"></a>有序列表</h3><pre><code>1. 第一项2. 第二项</code></pre><p>输出结果：</p><ol><li>第一项</li><li>第二项</li></ol><h3 id="无序列表"><a href="#无序列表" class="headerlink" title="无序列表"></a>无序列表</h3><p><code>+</code>、<code>*</code>、<code>-</code>都可以用来标识无序列表项。例如：</p><pre><code>+ 项目1* 项目2- 项目3</code></pre><p>输出结果：</p><ul><li>项目1</li></ul><ul><li>项目2</li></ul><ul><li>项目3</li></ul><h3 id="TODO-标记"><a href="#TODO-标记" class="headerlink" title="TODO 标记"></a>TODO 标记</h3><pre><code>- [ ] 未完成- [X] 已完成</code></pre><p>输出结果：</p><ul><li><input disabled="" type="checkbox"> 未完成</li><li><input checked="" disabled="" type="checkbox"> 已完成</li></ul><h2 id="代码"><a href="#代码" class="headerlink" title="代码"></a>代码</h2><p>AceMark 支持几十种代码高亮。例如：</p><h3 id="Go"><a href="#Go" class="headerlink" title="Go"></a>Go</h3><pre><code>```gofunc Fibonacci(n int) int &#123;    if n &lt;= 1 &#123;        return n    &#125;    return Fibonacci(n-1) + Fibonacci(n-2)&#125;```</code></pre><p>输出：</p><pre><code class="go">func Fibonacci(n int) int &#123;    if n &lt;= 1 &#123;        return n    &#125;    return Fibonacci(n-1) + Fibonacci(n-2)&#125;</code></pre><h3 id="JavaScript"><a href="#JavaScript" class="headerlink" title="JavaScript"></a>JavaScript</h3><pre><code>```javascriptfunction Fibonacci(num) &#123;    if (num &lt;= 1) return 1;    return Fibonacci(num - 1) + Fibonacci(num - 2);&#125;```</code></pre><p>输出：</p><pre><code class="javascript">function Fibonacci(num) &#123;    if (num &lt;= 1) return 1;    return Fibonacci(num - 1) + Fibonacci(num - 2);&#125;</code></pre><h3 id="Lua"><a href="#Lua" class="headerlink" title="Lua"></a>Lua</h3><pre><code>```lualocal function Fibonacci(n)    local function doFibonacci(n, ret1, ret2)        if (n &lt;= 1) then            return ret2        end        return doFibonacci(n - 1, ret2, ret1 + ret2)    end    return doFibonacci(n, 1, 1)end```</code></pre><p>输出：</p><pre><code class="lua">local function Fibonacci(n)    local function doFibonacci(n, ret1, ret2)        if (n &lt;= 1) then            return ret2        end        return doFibonacci(n - 1, ret2, ret1 + ret2)    end    return doFibonacci(n, 1, 1)end</code></pre><h2 id="数学公式"><a href="#数学公式" class="headerlink" title="数学公式"></a>数学公式</h2><p>AceMark 支持 LaTeX 语法的数学公式。例如</p><pre><code>$$f(x) = a x^2 + b x + c$$</code></pre><p>会输出一个抛物线方程</p><p>$$ f(x) &#x3D; a x^2 + b x + c $$</p><p>而下面这个表达式</p><pre><code>$$F(\omega)=\int_&#123;-\infty&#125;^&#123;+\infty&#125; &#123;f(t)e^&#123;-i\omega t&#125;dt&#125;$$</code></pre><p>会输出一个傅里叶变换积分方程</p><p>$$ F(\omega)&#x3D;\int_{-\infty}^{+\infty} {f(t)e^{-i\omega t}dt} $$</p><p>要输出矩阵也很简单，只需要</p><pre><code>&lt;div&gt;    $$ A_&#123;m\times n&#125;=      \begin&#123;bmatrix&#125;      a_&#123;11&#125;&amp; a_&#123;12&#125;&amp; \cdots  &amp; a_&#123;1n&#125; \\      a_&#123;21&#125;&amp; a_&#123;22&#125;&amp; \cdots  &amp; a_&#123;2n&#125; \\      \vdots &amp; \vdots &amp; \ddots &amp; \vdots \\      a_&#123;m1&#125;&amp; a_&#123;m2&#125;&amp; \cdots  &amp; a_&#123;mn&#125;      \end&#123;bmatrix&#125;      =\left [ a_&#123;ij&#125;\right ] $$&lt;/div&gt;</code></pre><p>便可得到想要的效果</p><div>    $$ A_{m\times n}=      \begin{bmatrix}      a_{11}& a_{12}& \cdots  & a_{1n} \\      a_{21}& a_{22}& \cdots  & a_{2n} \\      \vdots & \vdots & \ddots & \vdots \\      a_{m1}& a_{m2}& \cdots  & a_{mn}      \end{bmatrix}      =\left [ a_{ij}\right ] $$</div><p>公式也可以显示在行内。例如 <code>$f(x)=kx+b$</code> 就会输出 $f(x)&#x3D;kx+b$，这是一个显示在行内的直线方程。</p><div id="footnotes"><hr><div id="footnotelist"><ol style="list-style: none; padding-left: 0; margin-left: 40px"><li id="fn:1"><span style="display: inline-block; vertical-align: top; padding-right: 10px; margin-left: -40px">1.</span><span style="display: inline-block; vertical-align: top; margin-left: 10px;">这是脚注内容。<a href="#fnref:1" rev="footnote"> ↩</a></span></li></ol></div></div>]]></content>
    
    
      
      
    <summary type="html">&lt;link rel=&quot;stylesheet&quot; type=&quot;text/css&quot; href=&quot;https://cdn.jsdelivr.net/hint.css/2.4.1/hint.min.css&quot;&gt;&lt;h1 id=&quot;欢迎使用AceMark&quot;&gt;&lt;a href=&quot;#欢迎使用AceMar</summary>
      
    
    
    
    
    <category term="markdown" scheme="https://myp0402.github.io/tags/markdown/"/>
    
    <category term="Github" scheme="https://myp0402.github.io/tags/Github/"/>
    
    <category term="博客" scheme="https://myp0402.github.io/tags/%E5%8D%9A%E5%AE%A2/"/>
    
  </entry>
  
</feed>
